Keeley Bosco;1228-1221-1221-1431
Rubye Jerde;1228-1221-1221-1431
Celine Ankunding;1228-1221-1221-1431
Dr. Araceli Lang;1211-1221-1234-2201
Terrell Boyle;1228-1221-1221-1431
Libby Renner;1234-2121-1221-1211
Alessandro Barton;1234-2121-1221-1211
Dr. Art Grimes;1211-1221-1234-2201
Keven Purdy;1211-1221-1234-2201
Oma Grady;1212-1221-1121-1234
Jazmin Kovacek;1211-1221-1234-2201
Jordi Jaskolski II;1212-1221-1121-1234
Willy Beahan III;1212-1221-1121-1234
Alessandra Nader Sr.;1211-1221-1234-2201
Ramona Lubowitz;1228-1221-1221-1431
Queen Mills;1211-1221-1234-2201
Alec Howell;1234-2121-1221-1211
Ms. Yadira Marvin;1234-2121-1221-1211
Mr. Lisette Nolan;1228-1221-1221-1431
Freeda Swaniawski;1211-1221-1234-2201
Keith Wilderman;1212-1221-1121-1234
Dayton Gutmann;1212-1221-1121-1234
Graham Ankunding;1212-1221-1121-1234
Courtney Weimann III;1234-2121-1221-1211
Mrs. Tom VonRueden;1234-2121-1221-1211
Elinor Reilly;1212-1221-1121-1234
Antwon Sawayn;1211-1221-1234-2201
Tyrique Buckridge;1211-1221-1234-2201
Amani Borer;1212-1221-1121-1234
Betsy Bayer;1212-1221-1121-1234
Jules Murazik;1211-1221-1234-2201
Miss Lauriane Farrell;1211-1221-1234-2201
Golda Schowalter MD;1228-1221-1221-1431
Alessandra Abbott MD;1212-1221-1121-1234
Mrs. Eva Heathcote;1234-2121-1221-1211
Marquis Walker;1212-1221-1121-1234
Shanon Brown;1212-1221-1121-1234
Earnestine Klocko;1211-1221-1234-2201
Tiana Schiller;1211-1221-1234-2201
Rossie Sauer;1234-2121-1221-1211
Dr. Edythe Nicolas;1211-1221-1234-2201
Dr. Sarah Quitzon;1234-2121-1221-1211
Shawn Thiel;1228-1221-1221-1431
Clifton Rogahn;1234-2121-1221-1211
Martine Quigley;1228-1221-1221-1431
Ray Gaylord;1211-1221-1234-2201
Cordelia Quigley Jr.;1228-1221-1221-1431
Georgette Hayes;1228-1221-1221-1431
Mr. Quinten McGlynn;1228-1221-1221-1431
Reuben Turner;1212-1221-1121-1234
Pansy Kovacek;1212-1221-1121-1234
Minerva Christiansen;1211-1221-1234-2201
Tatyana Mertz;1211-1221-1234-2201
Aletha Kuphal;1212-1221-1121-1234
Kian Johnston;1211-1221-1234-2201
Jade Ortiz;1211-1221-1234-2201
Zackary Gibson;1228-1221-1221-1431
Golden Crooks;1211-1221-1234-2201
Kelli Rau;1234-2121-1221-1211
Henry Dooley DDS;1228-1221-1221-1431
Mr. Rickie Nienow;1212-1221-1121-1234
Drake Gusikowski;1211-1221-1234-2201
Gerard Corkery;1234-2121-1221-1211
Kurtis Morissette;1211-1221-1234-2201
Reagan Stokes;1212-1221-1121-1234
Guy Lemke MD;1212-1221-1121-1234
Sally Schaefer;1228-1221-1221-1431
Vergie Steuber;1228-1221-1221-1431
Orin Ziemann;1212-1221-1121-1234
Mr. Ward Bradtke;1212-1221-1121-1234
Elwin Yundt;1212-1221-1121-1234
Suzanne Casper;1212-1221-1121-1234
Mrs. Mossie Champlin;1211-1221-1234-2201
Jay Dietrich DVM;1234-2121-1221-1211
Aracely Cummerata;1211-1221-1234-2201
Saige Schaefer;1211-1221-1234-2201
Miss Kailey Zulauf;1212-1221-1121-1234
Mrs. Emanuel Weber;1211-1221-1234-2201
Frederic Barton;1212-1221-1121-1234
Magnolia Walker;1211-1221-1234-2201
Cleta Emmerich;1211-1221-1234-2201
Evan Marks;1211-1221-1234-2201
Cecilia Yost;1234-2121-1221-1211
Ms. Chelsey Kulas;1211-1221-1234-2201
Albertha Jacobson;1212-1221-1121-1234
Judson Wiegand;1228-1221-1221-1431
Darby Morissette;1228-1221-1221-1431
Horace Mueller;1211-1221-1234-2201
Breanna Adams;1234-2121-1221-1211
Justice Little I;1211-1221-1234-2201
Mrs. Gina Hills;1234-2121-1221-1211
Quincy Bins III;1212-1221-1121-1234
Kian King;1211-1221-1234-2201
Dr. Ken Beatty;1212-1221-1121-1234
Beulah Nolan Sr.;1212-1221-1121-1234
Mrs. Jacey Schmeler;1212-1221-1121-1234
Antwan Block;1211-1221-1234-2201
Ettie Jacobson;1228-1221-1221-1431
Mrs. Jan Rogahn;1212-1221-1121-1234
Sigrid Gaylord;1211-1221-1234-2201
Ruby Heaney MD;1212-1221-1121-1234
Ms. Alexys Schmidt;1212-1221-1121-1234
Cyrus Huels;1228-1221-1221-1431
Vinnie Rau;1234-2121-1221-1211
Ms. Laurine Roob;1212-1221-1121-1234
Charles Leffler;1228-1221-1221-1431
Braeden Reichel;1234-2121-1221-1211
Bradly Erdman IV;1234-2121-1221-1211
Maureen Haag;1228-1221-1221-1431
Ms. Julius Tremblay;1228-1221-1221-1431
Elvis Osinski;1228-1221-1221-1431
Travon Ryan;1212-1221-1121-1234
Lolita Hudson;1211-1221-1234-2201
Dr. Rocky Fay;1211-1221-1234-2201
Meredith Runolfsdottir DVM;1212-1221-1121-1234
Casper Cruickshank;1212-1221-1121-1234
Conrad Abshire;1212-1221-1121-1234
Cecile Heathcote;1228-1221-1221-1431
Darren Schaefer PhD;1212-1221-1121-1234
Cheyanne Turner;1211-1221-1234-2201
Mr. Stephen Kub;1228-1221-1221-1431
Mrs. Garry Feil;1234-2121-1221-1211
Arvilla Hermann;1212-1221-1121-1234
Raleigh Luettgen;1212-1221-1121-1234
Arianna Gleason Jr.;1234-2121-1221-1211
Oceane Nienow II;1211-1221-1234-2201
Lemuel Wintheiser;1228-1221-1221-1431
Jose Rath;1234-2121-1221-1211
Aliya Yost;1211-1221-1234-2201
Manuel Hilpert;1211-1221-1234-2201
Astrid Reichert;1228-1221-1221-1431
Naomie Gulgowski II;1234-2121-1221-1211
Kenyon Strosin;1234-2121-1221-1211
Dr. Domenic Morissette;1211-1221-1234-2201
Mr. Julien Ankunding;1234-2121-1221-1211
Rocky Grady;1211-1221-1234-2201
Vesta Miller;1228-1221-1221-1431
Casey Dietrich;1212-1221-1121-1234
Wilhelmine Quigley;1212-1221-1121-1234
Alec Rowe;1234-2121-1221-1211
Erica Schultz;1228-1221-1221-1431
Mrs. Myrtice Wyman;1228-1221-1221-1431
Devon Lehner;1212-1221-1121-1234
Jazmin Witting;1212-1221-1121-1234
Danial Thiel I;1228-1221-1221-1431
Guiseppe Halvorson;1234-2121-1221-1211
Rigoberto Ernser;1228-1221-1221-1431
Major O'Hara;1234-2121-1221-1211
Dr. Guiseppe Borer;1228-1221-1221-1431
Greta Ondricka;1211-1221-1234-2201
Barton Doyle Jr.;1212-1221-1121-1234
Rodrigo Lubowitz;1234-2121-1221-1211
Althea Ward;1234-2121-1221-1211
Ayana Donnelly;1211-1221-1234-2201
Claudia Roob;1234-2121-1221-1211
Berta Luettgen;1234-2121-1221-1211
Raegan Jerde;1211-1221-1234-2201
Vernon Dickinson;1212-1221-1121-1234
Juliet Rippin II;1211-1221-1234-2201
Miss Dovie Zboncak;1212-1221-1121-1234
Norval Leffler;1234-2121-1221-1211
Dr. Clifton Kilback;1228-1221-1221-1431
Sheila Kuhic PhD;1234-2121-1221-1211
Devante Bauch;1228-1221-1221-1431
Alberto Senger;1228-1221-1221-1431
Elliott Kiehn V;1211-1221-1234-2201
Pierce Lynch;1211-1221-1234-2201
Cora Mraz;1211-1221-1234-2201
Dahlia Dibbert;1211-1221-1234-2201
Blair Aufderhar;1212-1221-1121-1234
Wendy Ruecker;1228-1221-1221-1431
Marilyne Daugherty;1211-1221-1234-2201
Okey Hills MD;1234-2121-1221-1211
Ramon Ebert I;1211-1221-1234-2201
Neha Hilpert;1234-2121-1221-1211
Sharon Trantow I;1211-1221-1234-2201
Zachariah Morar;1211-1221-1234-2201
Trudie Gleason;1212-1221-1121-1234
Audie Barton Sr.;1228-1221-1221-1431
Amber Roob;1211-1221-1234-2201
Ms. Dennis Sauer;1228-1221-1221-1431
Salvador Daniel;1212-1221-1121-1234
Joanie Schmitt;1234-2121-1221-1211
Sonny McDermott;1228-1221-1221-1431
Garfield Terry;1234-2121-1221-1211
Josefina Sipes PhD;1228-1221-1221-1431
Clifton Crist I;1212-1221-1121-1234
Urban Hyatt;1234-2121-1221-1211
Mae Jacobson;1211-1221-1234-2201
Jayce Grimes;1234-2121-1221-1211
Cordelia Cormier;1228-1221-1221-1431
Liliana Mohr;1211-1221-1234-2201
Dr. Madelynn Swaniawski;1234-2121-1221-1211
Shea Boyer;1212-1221-1121-1234
Cordell Kovacek Sr.;1228-1221-1221-1431
Mr. Nova Weissnat;1228-1221-1221-1431
Autumn Schneider PhD;1234-2121-1221-1211
Barbara Spencer;1211-1221-1234-2201
Jaren Schmeler;1211-1221-1234-2201
Ms. Dejah Miller;1212-1221-1121-1234
Keyon Rau;1234-2121-1221-1211
Miss Macie Larson;1212-1221-1121-1234
Torey Heidenreich;1228-1221-1221-1431
Sigurd Rowe;1211-1221-1234-2201
Julia Hagenes DVM;1228-1221-1221-1431
Ms. Tamia Braun;1228-1221-1221-1431
Carolanne Davis;1211-1221-1234-2201
Juana Streich;1211-1221-1234-2201
Joany Wyman;1212-1221-1121-1234
Yoshiko Marvin;1212-1221-1121-1234
Alana Rice PhD;1234-2121-1221-1211
Kiera Shanahan;1211-1221-1234-2201
Rodger Roob;1212-1221-1121-1234
Clint Kassulke;1234-2121-1221-1211
Blanca Kunde;1228-1221-1221-1431
Hoyt Beier;1212-1221-1121-1234
Ansel Miller;1212-1221-1121-1234
Mr. Loraine Sipes;1211-1221-1234-2201
Dave Kuhn;1234-2121-1221-1211
Demario Waters;1228-1221-1221-1431
Stanton Heller IV;1212-1221-1121-1234
Emery Medhurst;1228-1221-1221-1431
Cornelius Schamberger;1228-1221-1221-1431
Kelvin Schiller;1212-1221-1121-1234
Javonte Mraz;1212-1221-1121-1234
Madaline Gibson;1211-1221-1234-2201
Mrs. Tatum Okuneva;1211-1221-1234-2201
America Robel;1228-1221-1221-1431
Miss Eli Stoltenberg;1212-1221-1121-1234
Ms. Odell Osinski;1228-1221-1221-1431
Toni Homenick;1228-1221-1221-1431
Kelli McCullough;1211-1221-1234-2201
Mallie Auer;1228-1221-1221-1431
Gene Schoen;1228-1221-1221-1431
Lois Rutherford;1212-1221-1121-1234
Miss Willard McDermott;1211-1221-1234-2201
Rossie O'Keefe;1228-1221-1221-1431
June Kihn;1228-1221-1221-1431
Violette Bahringer;1234-2121-1221-1211
Penelope Blanda V;1234-2121-1221-1211
Jaunita Ryan;1212-1221-1121-1234
Leann Johnston Jr.;1212-1221-1121-1234
Guillermo Labadie PhD;1228-1221-1221-1431
Gail Dickinson IV;1211-1221-1234-2201
Roslyn Bartell;1212-1221-1121-1234
Delaney Parisian;1211-1221-1234-2201
Heloise Boehm;1212-1221-1121-1234
Doyle Gusikowski;1211-1221-1234-2201
Ms. Era Dach;1212-1221-1121-1234
Laurie Will;1212-1221-1121-1234
Christina Kling;1212-1221-1121-1234
Kali Vandervort;1212-1221-1121-1234
Corene Skiles;1234-2121-1221-1211
Mrs. Rusty Hayes;1234-2121-1221-1211
Mr. Josefina Block;1212-1221-1121-1234
Keegan Stamm;1234-2121-1221-1211
Queenie DuBuque Jr.;1228-1221-1221-1431
Mrs. Hellen Daniel;1211-1221-1234-2201
Rod Ratke;1211-1221-1234-2201
Arlo Swaniawski;1211-1221-1234-2201
Dr. Effie Shields;1228-1221-1221-1431
Ms. Jeanne Hane;1211-1221-1234-2201
Lois Yundt;1228-1221-1221-1431
Samir Christiansen;1211-1221-1234-2201
Miss Louie Wiegand;1212-1221-1121-1234
Mr. Triston Harber;1234-2121-1221-1211
Winston Feil IV;1234-2121-1221-1211
Norene Jakubowski;1211-1221-1234-2201
Connie Thiel V;1234-2121-1221-1211
London Lynch;1212-1221-1121-1234
Ally Senger;1228-1221-1221-1431
Emmalee Rath Sr.;1228-1221-1221-1431
Kendrick Feest;1212-1221-1121-1234
Megane Schaefer;1211-1221-1234-2201
Hector Gerlach DVM;1211-1221-1234-2201
Kenyon Ruecker;1212-1221-1121-1234
Pedro O'Connell IV;1234-2121-1221-1211
Tod Witting;1228-1221-1221-1431
Arno Prosacco Jr.;1228-1221-1221-1431
Miss Seth West;1234-2121-1221-1211
Cesar Koelpin;1211-1221-1234-2201
Adell Price I;1211-1221-1234-2201
Hannah Zboncak DVM;1234-2121-1221-1211
Hubert Durgan;1212-1221-1121-1234
Travis Cronin;1228-1221-1221-1431
Brielle Cassin Sr.;1228-1221-1221-1431
Colleen Dare;1211-1221-1234-2201
Cielo Walsh;1211-1221-1234-2201
Virgil Aufderhar;1211-1221-1234-2201
Rogers Lindgren;1211-1221-1234-2201
Cleveland Thompson;1228-1221-1221-1431
Abbigail Labadie;1228-1221-1221-1431
Tianna Upton;1212-1221-1121-1234
Alexis Murphy;1234-2121-1221-1211
Mr. Madelyn Kohler;1234-2121-1221-1211
Jaden Macejkovic MD;1211-1221-1234-2201
Johan Gerlach;1212-1221-1121-1234
Daryl Lehner;1228-1221-1221-1431
Daphnee Emmerich;1212-1221-1121-1234
Emmet Marquardt;1228-1221-1221-1431
Tyshawn Sporer;1228-1221-1221-1431
Maye Stehr;1211-1221-1234-2201
Mr. Grant Parisian;1234-2121-1221-1211
Alayna Blanda Jr.;1212-1221-1121-1234
Assunta Haley;1211-1221-1234-2201
Nicola Skiles;1212-1221-1121-1234
Miss Paris Daniel;1234-2121-1221-1211
Chloe Sporer;1211-1221-1234-2201
Mr. Leopoldo Rosenbaum;1234-2121-1221-1211
Haven Russel;1212-1221-1121-1234
Allie Blick;1228-1221-1221-1431
Idell Bartell;1211-1221-1234-2201
Lucius Lebsack;1228-1221-1221-1431
Dr. Simone Schowalter;1234-2121-1221-1211
Thad Moen;1212-1221-1121-1234
Rosanna Auer;1212-1221-1121-1234
Sim Bashirian;1211-1221-1234-2201
Derrick Farrell;1234-2121-1221-1211
Titus Stiedemann;1212-1221-1121-1234
Roscoe Schumm;1212-1221-1121-1234
Josephine Krajcik;1212-1221-1121-1234
Mrs. Deron Jakubowski;1228-1221-1221-1431
Laron Harris V;1228-1221-1221-1431
Elfrieda Prosacco;1228-1221-1221-1431
Destiny Donnelly;1212-1221-1121-1234
Drake Blick;1212-1221-1121-1234
Maryam Hintz;1212-1221-1121-1234
Gay Prohaska;1228-1221-1221-1431
Mckenna Bruen;1211-1221-1234-2201
Macie Mayert;1212-1221-1121-1234
Betsy Crooks;1211-1221-1234-2201
Mr. Keely Feil;1234-2121-1221-1211
Easter Koelpin;1234-2121-1221-1211
Horacio Hintz;1211-1221-1234-2201
Mrs. Dandre Lynch;1212-1221-1121-1234
Marcel Stamm;1228-1221-1221-1431
Mrs. Tobin Smitham;1228-1221-1221-1431
Jillian Glover;1211-1221-1234-2201
Maryjane Ankunding;1234-2121-1221-1211
Ryley Hartmann;1234-2121-1221-1211
Evie Friesen;1234-2121-1221-1211
Burnice Lang;1211-1221-1234-2201
Mrs. Ebony Gerhold;1212-1221-1121-1234
Celine Herman;1234-2121-1221-1211
Josiane Murray;1234-2121-1221-1211
Nelda Hammes DVM;1212-1221-1121-1234
Ludwig Farrell;1228-1221-1221-1431
Idella Hettinger;1228-1221-1221-1431
Josh Mertz;1212-1221-1121-1234
John Kemmer MD;1228-1221-1221-1431
Ms. Avis Shanahan;1228-1221-1221-1431
Myron Sawayn Sr.;1234-2121-1221-1211
Pierre McClure;1234-2121-1221-1211
Benny Huels;1234-2121-1221-1211
Ena Paucek;1212-1221-1121-1234
Russel Ziemann;1212-1221-1121-1234
Garth Bashirian;1211-1221-1234-2201
Dr. Lue Feest;1212-1221-1121-1234
Emelie Hegmann;1228-1221-1221-1431
Mr. Richard Dicki;1212-1221-1121-1234
Michaela Herman III;1212-1221-1121-1234
Minnie O'Hara;1228-1221-1221-1431
Curtis Rowe;1228-1221-1221-1431
Nils Kuhn;1212-1221-1121-1234
Michelle Green Sr.;1228-1221-1221-1431
Kendall Wiza IV;1234-2121-1221-1211
Sherwood Pfannerstill DVM;1212-1221-1121-1234
Ms. Elmira Stanton;1212-1221-1121-1234
Dorris Reynolds Sr.;1212-1221-1121-1234
Marshall Sporer;1212-1221-1121-1234
Gladys Bogisich MD;1211-1221-1234-2201
Jimmy Gerhold;1234-2121-1221-1211
Watson Reilly PhD;1212-1221-1121-1234
Elijah Ortiz;1228-1221-1221-1431
Claudine Schoen;1234-2121-1221-1211
Dr. Terence Osinski;1212-1221-1121-1234
Mohammad Volkman;1211-1221-1234-2201
Shannon Koepp;1211-1221-1234-2201
Hillard Carroll;1228-1221-1221-1431
Mabelle McGlynn Jr.;1212-1221-1121-1234
Rowena Rutherford MD;1212-1221-1121-1234
Chelsie Bernier PhD;1211-1221-1234-2201
Emilie Wehner;1212-1221-1121-1234
Mrs. Antonia Bosco;1234-2121-1221-1211
Jude Pacocha DDS;1228-1221-1221-1431
Freda Effertz;1212-1221-1121-1234
Karley Stanton;1228-1221-1221-1431
Marcelle Graham;1228-1221-1221-1431
Eliezer Kirlin;1228-1221-1221-1431
Mrs. Travis Quitzon;1211-1221-1234-2201
Georgette Carter;1234-2121-1221-1211
Jaren Leuschke;1212-1221-1121-1234
Verna D'Amore;1212-1221-1121-1234
Dr. Dimitri Abshire;1234-2121-1221-1211
Sydnee Kozey;1234-2121-1221-1211
Judah Rolfson DDS;1234-2121-1221-1211
Vella Koss PhD;1212-1221-1121-1234
Carol Durgan;1212-1221-1121-1234
Mrs. Dave Bailey;1211-1221-1234-2201
Marilie Hammes III;1234-2121-1221-1211
Mekhi Mertz;1211-1221-1234-2201
Miss Jadyn Shields;1212-1221-1121-1234
Clovis McClure;1212-1221-1121-1234
Jean Weber;1228-1221-1221-1431
Iliana Pouros;1212-1221-1121-1234
Darrel Pouros;1212-1221-1121-1234
Roderick O'Keefe DDS;1228-1221-1221-1431
Nelle Gibson;1228-1221-1221-1431
Chadrick Douglas II;1212-1221-1121-1234
Robb Marks;1211-1221-1234-2201
Georgiana Champlin;1212-1221-1121-1234
Ethan Baumbach;1211-1221-1234-2201
August Yost V;1234-2121-1221-1211
Bryana Hackett;1212-1221-1121-1234
Leonardo Luettgen;1228-1221-1221-1431
Miss Frederique Johns;1211-1221-1234-2201
Garfield O'Keefe V;1211-1221-1234-2201
Elton Haley III;1228-1221-1221-1431
August Schulist I;1212-1221-1121-1234
Marshall Haley;1228-1221-1221-1431
Zane Schoen;1228-1221-1221-1431
Haley Konopelski;1211-1221-1234-2201
Maya Block;1211-1221-1234-2201
Jaleel Koss;1234-2121-1221-1211
Edythe Lueilwitz;1228-1221-1221-1431
Madison Hegmann;1211-1221-1234-2201
Mr. Adolph Marks;1212-1221-1121-1234
Tavares Feil;1234-2121-1221-1211
Alaina Kshlerin;1211-1221-1234-2201
Mrs. Norbert Renner;1228-1221-1221-1431
Mrs. Lela Harber;1234-2121-1221-1211
Miss Zita Bartoletti;1212-1221-1121-1234
Federico Wisoky;1234-2121-1221-1211
Federico Erdman;1211-1221-1234-2201
Mr. Brannon Witting;1211-1221-1234-2201
Arlo Denesik;1228-1221-1221-1431
Betsy Marvin;1228-1221-1221-1431
Westley Stark;1211-1221-1234-2201
Mr. Spencer Jacobson;1212-1221-1121-1234
Vivien Jaskolski IV;1212-1221-1121-1234
Miss Emilia Grady;1234-2121-1221-1211
Ms. Clementine Keeling;1228-1221-1221-1431
Mr. Angus Waters;1212-1221-1121-1234
Mr. Bernadette Senger;1234-2121-1221-1211
Forrest Ward DVM;1234-2121-1221-1211
Charles Walter;1234-2121-1221-1211
Stacy Hintz;1211-1221-1234-2201
Angela Lubowitz;1212-1221-1121-1234
Melany Wisozk;1234-2121-1221-1211
Gage Johnson;1234-2121-1221-1211
Stuart Hartmann;1234-2121-1221-1211
Jacinthe Hammes;1228-1221-1221-1431
Noemy Watsica;1212-1221-1121-1234
Kiera Lynch;1211-1221-1234-2201
Henry Connelly;1234-2121-1221-1211
Josh Kunze;1211-1221-1234-2201
Pansy Corkery PhD;1211-1221-1234-2201
Hope Hand MD;1212-1221-1121-1234
Blaze Harvey II;1211-1221-1234-2201
Jazmin Quigley;1228-1221-1221-1431
Virgil Bogan;1211-1221-1234-2201
Tyrese Johns;1212-1221-1121-1234
Anais Howe;1211-1221-1234-2201
Caden Kiehn;1234-2121-1221-1211
Marlee Skiles;1211-1221-1234-2201
Anastasia Sawayn;1211-1221-1234-2201
Makenna Mohr V;1234-2121-1221-1211
Lonny Hegmann DDS;1228-1221-1221-1431
Mr. Boyd Nitzsche;1228-1221-1221-1431
Filiberto Ruecker;1212-1221-1121-1234
Elisa Ullrich;1211-1221-1234-2201
Harmony Hamill Sr.;1212-1221-1121-1234
Rylee Champlin;1234-2121-1221-1211
Roel Hessel II;1211-1221-1234-2201
Madonna Connelly;1234-2121-1221-1211
Jewel Wolf;1211-1221-1234-2201
Bailey Hayes;1212-1221-1121-1234
Ms. Ada Erdman;1211-1221-1234-2201
Judd Bartoletti IV;1212-1221-1121-1234
Mrs. Meggie Schmitt;1234-2121-1221-1211
Edwina Lockman;1234-2121-1221-1211
Miss Lillie Sanford;1211-1221-1234-2201
Milford Bartell;1211-1221-1234-2201
Mrs. May Baumbach;1234-2121-1221-1211
Elena Hintz DVM;1228-1221-1221-1431
Brain VonRueden;1211-1221-1234-2201
Kayden Botsford;1228-1221-1221-1431
Mrs. Noah Raynor;1228-1221-1221-1431
Favian Herman;1234-2121-1221-1211
Alexandre Towne;1234-2121-1221-1211
Jordi Koch;1211-1221-1234-2201
Bryana Leannon;1212-1221-1121-1234
Delfina Schultz;1234-2121-1221-1211
Jaydon Hagenes;1228-1221-1221-1431
Mr. Rocio Jerde;1234-2121-1221-1211
Violet Monahan;1228-1221-1221-1431
Elnora Smith;1234-2121-1221-1211
Frances Beahan;1211-1221-1234-2201
Marcus White V;1234-2121-1221-1211
Travon Grimes;1211-1221-1234-2201
Bradley Fritsch;1212-1221-1121-1234
Hoyt Kulas;1228-1221-1221-1431
Gertrude Beier Jr.;1234-2121-1221-1211
Maribel Ankunding;1234-2121-1221-1211
Mariane Kunze;1228-1221-1221-1431
Ana Rolfson;1212-1221-1121-1234
Ronaldo Smitham;1212-1221-1121-1234
Marlene Bartoletti;1211-1221-1234-2201
Destiney Abshire II;1234-2121-1221-1211
Edmond Wilderman;1228-1221-1221-1431
Lincoln Haley;1228-1221-1221-1431
Fredy Adams;1234-2121-1221-1211
Maribel Blick;1211-1221-1234-2201
Dr. Andres Schimmel;1211-1221-1234-2201
Miss Otilia Schoen;1211-1221-1234-2201
Oliver Ratke V;1228-1221-1221-1431
Kaelyn Hudson;1234-2121-1221-1211
Alene Lang;1228-1221-1221-1431
Mrs. Rosetta Douglas;1212-1221-1121-1234
Lavina Stokes;1212-1221-1121-1234
Emelia Nienow;1234-2121-1221-1211
Miss Carolyn Kozey;1228-1221-1221-1431
Ava Cole;1212-1221-1121-1234
Sherman Ward;1228-1221-1221-1431
Brianne White;1212-1221-1121-1234
Trycia Rath;1212-1221-1121-1234
Dr. Trevion Jacobi;1212-1221-1121-1234
Helene Stracke II;1228-1221-1221-1431
Zula Boyle;1211-1221-1234-2201
Twila Kassulke I;1211-1221-1234-2201
Miss Devante Breitenberg;1234-2121-1221-1211
Jordan Corkery;1234-2121-1221-1211
Fabiola Jones;1212-1221-1121-1234
London Rau;1212-1221-1121-1234
Tyreek Schroeder;1234-2121-1221-1211
Golden Wintheiser;1234-2121-1221-1211
Trevion Beahan;1211-1221-1234-2201
Dayna Hayes;1211-1221-1234-2201
